naitaja;valdkond;alavaldkond;ametiala;periood;silt;vaartus
Eksportkäibe osakaal käibest;Ettevõtlus;Ettevõtlus;;2005/07;;0,265748407
Eksportkäibe osakaal käibest;Ettevõtlus;Ettevõtlus;;2006/08;;0,271905179
Eksportkäibe osakaal käibest;Ettevõtlus;Ettevõtlus;;2007/09;;0,280943504
Eksportkäibe osakaal käibest;Ettevõtlus;Ettevõtlus;;2008/10;;0,304223045
Eksportkäibe osakaal käibest;Ettevõtlus;Ettevõtlus;;2009/11;;0,33476127
Eksportkäibe osakaal käibest;Ettevõtlus;Ettevõtlus;;2010/12;;0,347836924
Eksportkäibe osakaal käibest;Ettevõtlus;Ettevõtlus;;2011/13;;0,346800431
Eksportkäibe osakaal käibest;Ettevõtlus;Ettevõtlus;;2012/14;;0,339274362
Eksportkäibe osakaal käibest;Ettevõtlus;Ettevõtlus;;2013/15;;0,330988907
Tööviljakus hõivatu kohta;Ettevõtlus;Ettevõtlus;;2005/07;;17,20070664
Tööviljakus hõivatu kohta;Ettevõtlus;Ettevõtlus;;2006/08;;18,46714531
Tööviljakus hõivatu kohta;Ettevõtlus;Ettevõtlus;;2007/09;;18,51084503
Tööviljakus hõivatu kohta;Ettevõtlus;Ettevõtlus;;2008/10;;18,53833807
Tööviljakus hõivatu kohta;Ettevõtlus;Ettevõtlus;;2009/11;;19,90866021
Tööviljakus hõivatu kohta;Ettevõtlus;Ettevõtlus;;2010/12;;21,9790283
Tööviljakus hõivatu kohta;Ettevõtlus;Ettevõtlus;;2011/13;;23,53081094
Tööviljakus hõivatu kohta;Ettevõtlus;Ettevõtlus;;2012/14;;24,37956929
Tööviljakus hõivatu kohta;Ettevõtlus;Ettevõtlus;;2013/15;;24,95224505
Ettevõtete arv;Ettevõtlus;Ettevõtlus;;2016;1.sept;71282
Ettevõtete arv;Ettevõtlus;Ettevõtlus;;2015;1.sept;71282
Ettevõtete arv;Ettevõtlus;Ettevõtlus;;2014;1.sept;66572
Ettevõtete arv;Ettevõtlus;Ettevõtlus;;2016;okt.19;3776
Ettevõtete arv;Ettevõtlus;Ettevõtlus;;2015;okt.19;3776
Ettevõtete arv;Ettevõtlus;Ettevõtlus;;2014;okt.19;3452
Ettevõtete arv;Ettevõtlus;Ettevõtlus;;2016;20-49;2231
Ettevõtete arv;Ettevõtlus;Ettevõtlus;;2015;20-49;2231
Ettevõtete arv;Ettevõtlus;Ettevõtlus;;2014;20-49;2143
Ettevõtete arv;Ettevõtlus;Ettevõtlus;;2016;50-99;768
Ettevõtete arv;Ettevõtlus;Ettevõtlus;;2015;50-99;768
Ettevõtete arv;Ettevõtlus;Ettevõtlus;;2014;50-99;748
Ettevõtete arv;Ettevõtlus;Ettevõtlus;;2016;100-249;390
Ettevõtete arv;Ettevõtlus;Ettevõtlus;;2015;100-249;390
Ettevõtete arv;Ettevõtlus;Ettevõtlus;;2014;100-249;387
Ettevõtete arv;Ettevõtlus;Ettevõtlus;;2016;250 ja enam;177
Ettevõtete arv;Ettevõtlus;Ettevõtlus;;2015;250 ja enam;177
Ettevõtete arv;Ettevõtlus;Ettevõtlus;;2014;250 ja enam;170
Keskmine palk;Ettevõtlus;Ettevõtlus;;2005/07;;579,1331367
Keskmine palk;Ettevõtlus;Ettevõtlus;;2006/08;;668,4907992
Keskmine palk;Ettevõtlus;Ettevõtlus;;2007/09;;715,7302467
Keskmine palk;Ettevõtlus;Ettevõtlus;;2008/10;;729,4290014
Keskmine palk;Ettevõtlus;Ettevõtlus;;2009/11;;730,9026358
Keskmine palk;Ettevõtlus;Ettevõtlus;;2010/12;;766,8318294
Keskmine palk;Ettevõtlus;Ettevõtlus;;2011/13;;816,5734621
Keskmine palk;Ettevõtlus;Ettevõtlus;;2012/14;;862,8821722
Keskmine palk;Ettevõtlus;Ettevõtlus;;2013/15;;907,2539165
Keskmine palk;Ettevõtlus;Ettevõtlus;;2014/16;;955,976886
Ekspotkäibe osakaal käibest;Rõiva-, tekstiili- ja nahatööstus;Nahatööstus;;2005/07;;0,719538353
Ekspotkäibe osakaal käibest;Rõiva-, tekstiili- ja nahatööstus;Nahatööstus;;2006/08;;0,70823003
Ekspotkäibe osakaal käibest;Rõiva-, tekstiili- ja nahatööstus;Nahatööstus;;2007/09;;0,681663808
Ekspotkäibe osakaal käibest;Rõiva-, tekstiili- ja nahatööstus;Nahatööstus;;2008/10;;0,689268577
Ekspotkäibe osakaal käibest;Rõiva-, tekstiili- ja nahatööstus;Nahatööstus;;2009/11;;0,732943571
Ekspotkäibe osakaal käibest;Rõiva-, tekstiili- ja nahatööstus;Nahatööstus;;2010/12;;0,756429421
Ekspotkäibe osakaal käibest;Rõiva-, tekstiili- ja nahatööstus;Nahatööstus;;2011/13;;0,728765052
Ekspotkäibe osakaal käibest;Rõiva-, tekstiili- ja nahatööstus;Nahatööstus;;2012/14;;0,691649889
Ekspotkäibe osakaal käibest;Rõiva-, tekstiili- ja nahatööstus;Nahatööstus;;2013/15;;0,669198462
Ettevõtete arv;Rõiva-, tekstiili- ja nahatööstus;Nahatööstus;;2016;1.sept;50
Ettevõtete arv;Rõiva-, tekstiili- ja nahatööstus;Nahatööstus;;2015;1.sept;50
Ettevõtete arv;Rõiva-, tekstiili- ja nahatööstus;Nahatööstus;;2014;1.sept;48
Ettevõtete arv;Rõiva-, tekstiili- ja nahatööstus;Nahatööstus;;2016;okt.19;6
Ettevõtete arv;Rõiva-, tekstiili- ja nahatööstus;Nahatööstus;;2015;okt.19;6
Ettevõtete arv;Rõiva-, tekstiili- ja nahatööstus;Nahatööstus;;2014;okt.19;6
Ettevõtete arv;Rõiva-, tekstiili- ja nahatööstus;Nahatööstus;;2016;20-49;5
Ettevõtete arv;Rõiva-, tekstiili- ja nahatööstus;Nahatööstus;;2015;20-49;5
Ettevõtete arv;Rõiva-, tekstiili- ja nahatööstus;Nahatööstus;;2014;20-49;5
Ettevõtete arv;Rõiva-, tekstiili- ja nahatööstus;Nahatööstus;;2016;50-99;7
Ettevõtete arv;Rõiva-, tekstiili- ja nahatööstus;Nahatööstus;;2015;50-99;7
Ettevõtete arv;Rõiva-, tekstiili- ja nahatööstus;Nahatööstus;;2014;50-99;8
Ettevõtete arv;Rõiva-, tekstiili- ja nahatööstus;Nahatööstus;;2016;100-249;2
Ettevõtete arv;Rõiva-, tekstiili- ja nahatööstus;Nahatööstus;;2015;100-249;2
Ettevõtete arv;Rõiva-, tekstiili- ja nahatööstus;Nahatööstus;;2014;100-249;3
Ettevõtete arv;Rõiva-, tekstiili- ja nahatööstus;Nahatööstus;;2016;250 ja enam;0
Ettevõtete arv;Rõiva-, tekstiili- ja nahatööstus;Nahatööstus;;2015;250 ja enam;0
Ettevõtete arv;Rõiva-, tekstiili- ja nahatööstus;Nahatööstus;;2014;250 ja enam;0
Hõivatute arv;Rõiva-, tekstiili- ja nahatööstus;Nahatööstus;;2005/07;;1819,333333
Hõivatute arv;Rõiva-, tekstiili- ja nahatööstus;Nahatööstus;;2006/08;;1679
Hõivatute arv;Rõiva-, tekstiili- ja nahatööstus;Nahatööstus;;2007/09;;1519,666667
Hõivatute arv;Rõiva-, tekstiili- ja nahatööstus;Nahatööstus;;2008/10;;1383,666667
Hõivatute arv;Rõiva-, tekstiili- ja nahatööstus;Nahatööstus;;2009/11;;1309,333333
Hõivatute arv;Rõiva-, tekstiili- ja nahatööstus;Nahatööstus;;2010/12;;1283
Hõivatute arv;Rõiva-, tekstiili- ja nahatööstus;Nahatööstus;;2011/13;;1290
Hõivatute arv;Rõiva-, tekstiili- ja nahatööstus;Nahatööstus;;2012/14;;1252,333333
Hõivatute arv;Rõiva-, tekstiili- ja nahatööstus;Nahatööstus;;2013/15;;1218
Hõivatute arv;Rõiva-, tekstiili- ja nahatööstus;Nahatööstus;;2014/16;;1161,666667
Keskmine palk;Rõiva-, tekstiili- ja nahatööstus;Nahatööstus;;2005/07;;382,6542527
Keskmine palk;Rõiva-, tekstiili- ja nahatööstus;Nahatööstus;;2006/08;;439,2293871
Keskmine palk;Rõiva-, tekstiili- ja nahatööstus;Nahatööstus;;2007/09;;479,8083278
Keskmine palk;Rõiva-, tekstiili- ja nahatööstus;Nahatööstus;;2008/10;;501,9277254
Keskmine palk;Rõiva-, tekstiili- ja nahatööstus;Nahatööstus;;2009/11;;518,0906769
Keskmine palk;Rõiva-, tekstiili- ja nahatööstus;Nahatööstus;;2010/12;;550,7186544
Keskmine palk;Rõiva-, tekstiili- ja nahatööstus;Nahatööstus;;2011/13;;581,4371127
Keskmine palk;Rõiva-, tekstiili- ja nahatööstus;Nahatööstus;;2012/14;;620,8963283
Keskmine palk;Rõiva-, tekstiili- ja nahatööstus;Nahatööstus;;2013/15;;644,7965679
Keskmine palk;Rõiva-, tekstiili- ja nahatööstus;Nahatööstus;;2014/16;;680,1898243
Käive;Rõiva-, tekstiili- ja nahatööstus;Nahatööstus;;2005/07;;32
Käive;Rõiva-, tekstiili- ja nahatööstus;Nahatööstus;;2005/07;;1 €
Käive;Rõiva-, tekstiili- ja nahatööstus;Nahatööstus;;2006/08;;33
Käive;Rõiva-, tekstiili- ja nahatööstus;Nahatööstus;;2006/08;;1 €
Käive;Rõiva-, tekstiili- ja nahatööstus;Nahatööstus;;2007/09;;31
Käive;Rõiva-, tekstiili- ja nahatööstus;Nahatööstus;;2007/09;;1 €
Käive;Rõiva-, tekstiili- ja nahatööstus;Nahatööstus;;2008/10;;29
Käive;Rõiva-, tekstiili- ja nahatööstus;Nahatööstus;;2008/10;;1 €
Käive;Rõiva-, tekstiili- ja nahatööstus;Nahatööstus;;2009/11;;30
Käive;Rõiva-, tekstiili- ja nahatööstus;Nahatööstus;;2009/11;;1 €
Käive;Rõiva-, tekstiili- ja nahatööstus;Nahatööstus;;2010/12;;32
Käive;Rõiva-, tekstiili- ja nahatööstus;Nahatööstus;;2010/12;;1 €
Käive;Rõiva-, tekstiili- ja nahatööstus;Nahatööstus;;2011/13;;34
Käive;Rõiva-, tekstiili- ja nahatööstus;Nahatööstus;;2011/13;;1 €
Käive;Rõiva-, tekstiili- ja nahatööstus;Nahatööstus;;2012/14;;34
Käive;Rõiva-, tekstiili- ja nahatööstus;Nahatööstus;;2012/14;;1 €
Käive;Rõiva-, tekstiili- ja nahatööstus;Nahatööstus;;2013/15;;34
Käive;Rõiva-, tekstiili- ja nahatööstus;Nahatööstus;;2013/15;;1 €
Käive;Rõiva-, tekstiili- ja nahatööstus;Nahatööstus;;2014/16;;37
Tööviljakus hõivatu kohta;Rõiva-, tekstiili- ja nahatööstus;Nahatööstus;;2005/07;;7,012696959
Tööviljakus hõivatu kohta;Rõiva-, tekstiili- ja nahatööstus;Nahatööstus;;2006/08;;8,01395672
Tööviljakus hõivatu kohta;Rõiva-, tekstiili- ja nahatööstus;Nahatööstus;;2007/09;;8,5786576
Tööviljakus hõivatu kohta;Rõiva-, tekstiili- ja nahatööstus;Nahatööstus;;2008/10;;9,196940496
Tööviljakus hõivatu kohta;Rõiva-, tekstiili- ja nahatööstus;Nahatööstus;;2009/11;;9,988543788
Tööviljakus hõivatu kohta;Rõiva-, tekstiili- ja nahatööstus;Nahatööstus;;2010/12;;10,83273578
Tööviljakus hõivatu kohta;Rõiva-, tekstiili- ja nahatööstus;Nahatööstus;;2011/13;;11,57718346
Tööviljakus hõivatu kohta;Rõiva-, tekstiili- ja nahatööstus;Nahatööstus;;2012/14;;11,72124035
Tööviljakus hõivatu kohta;Rõiva-, tekstiili- ja nahatööstus;Nahatööstus;;2013/15;;12,05418719
Hõivatute arv;Ettevõtlus;RTNT osakaal ettevõtlusest;;2005/07;;0,046731333
Hõivatute arv;Ettevõtlus;RTNT osakaal ettevõtlusest;;2006/08;;0,040925962
Hõivatute arv;Ettevõtlus;RTNT osakaal ettevõtlusest;;2007/09;;0,036312298
Hõivatute arv;Ettevõtlus;RTNT osakaal ettevõtlusest;;2008/10;;0,032895179
Hõivatute arv;Ettevõtlus;RTNT osakaal ettevõtlusest;;2009/11;;0,030470084
Hõivatute arv;Ettevõtlus;RTNT osakaal ettevõtlusest;;2010/12;;0,028861071
Hõivatute arv;Ettevõtlus;RTNT osakaal ettevõtlusest;;2011/13;;0,027442357
Hõivatute arv;Ettevõtlus;RTNT osakaal ettevõtlusest;;2012/14;;0,026645245
Hõivatute arv;Ettevõtlus;RTNT osakaal ettevõtlusest;;2013/15;;0,026252957
Hõivatute arv;Ettevõtlus;RTNT osakaal ettevõtlusest;;2014/16;;0,025592462
Käive;Ettevõtlus;RTNT osakaal ettevõtlusest;;2005/07;;1,30%
Käive;Ettevõtlus;RTNT osakaal ettevõtlusest;;2005/07;;0,80%
Käive;Ettevõtlus;RTNT osakaal ettevõtlusest;;2006/08;;1,20%
Käive;Ettevõtlus;RTNT osakaal ettevõtlusest;;2006/08;;0,50%
Käive;Ettevõtlus;RTNT osakaal ettevõtlusest;;2007/09;;1,10%
Käive;Ettevõtlus;RTNT osakaal ettevõtlusest;;2007/09;;0,50%
Käive;Ettevõtlus;RTNT osakaal ettevõtlusest;;2008/10;;1,00%
Käive;Ettevõtlus;RTNT osakaal ettevõtlusest;;2008/10;;0,50%
Käive;Ettevõtlus;RTNT osakaal ettevõtlusest;;2009/11;;1,00%
Käive;Ettevõtlus;RTNT osakaal ettevõtlusest;;2009/11;;0,50%
Käive;Ettevõtlus;RTNT osakaal ettevõtlusest;;2010/12;;1,00%
Käive;Ettevõtlus;RTNT osakaal ettevõtlusest;;2010/12;;0,50%
Käive;Ettevõtlus;RTNT osakaal ettevõtlusest;;2011/13;;0,90%
Käive;Ettevõtlus;RTNT osakaal ettevõtlusest;;2011/13;;0,50%
Käive;Ettevõtlus;RTNT osakaal ettevõtlusest;;2012/14;;0,90%
Käive;Ettevõtlus;RTNT osakaal ettevõtlusest;;2012/14;;0,50%
Käive;Ettevõtlus;RTNT osakaal ettevõtlusest;;2013/15;;0,90%
Käive;Ettevõtlus;RTNT osakaal ettevõtlusest;;2013/15;;0,50%
Käive;Ettevõtlus;RTNT osakaal ettevõtlusest;;2014/16;;0,90%
Hõivatute arv;Töötlev tööstus;RTNT osakaal töötlevast tööstusest;;2005/07;;0,168908164
Hõivatute arv;Töötlev tööstus;RTNT osakaal töötlevast tööstusest;;2006/08;;0,154687285
Hõivatute arv;Töötlev tööstus;RTNT osakaal töötlevast tööstusest;;2007/09;;0,144020246
Hõivatute arv;Töötlev tööstus;RTNT osakaal töötlevast tööstusest;;2008/10;;0,134922898
Hõivatute arv;Töötlev tööstus;RTNT osakaal töötlevast tööstusest;;2009/11;;0,127340023
Hõivatute arv;Töötlev tööstus;RTNT osakaal töötlevast tööstusest;;2010/12;;0,120081964
Hõivatute arv;Töötlev tööstus;RTNT osakaal töötlevast tööstusest;;2011/13;;0,114308172
Hõivatute arv;Töötlev tööstus;RTNT osakaal töötlevast tööstusest;;2012/14;;0,110971707
Hõivatute arv;Töötlev tööstus;RTNT osakaal töötlevast tööstusest;;2013/15;;0,10921136
Hõivatute arv;Töötlev tööstus;RTNT osakaal töötlevast tööstusest;;2014/16;;0,106956804
Käive;Töötlev tööstus;RTNT osakaal töötlevast tööstusest;;2005/07;;0
Käive;Töötlev tööstus;RTNT osakaal töötlevast tööstusest;;2005/07;;0 €
Käive;Töötlev tööstus;RTNT osakaal töötlevast tööstusest;;2006/08;;0
Käive;Töötlev tööstus;RTNT osakaal töötlevast tööstusest;;2006/08;;0 €
Käive;Töötlev tööstus;RTNT osakaal töötlevast tööstusest;;2007/09;;0
Käive;Töötlev tööstus;RTNT osakaal töötlevast tööstusest;;2007/09;;0 €
Käive;Töötlev tööstus;RTNT osakaal töötlevast tööstusest;;2008/10;;0
Käive;Töötlev tööstus;RTNT osakaal töötlevast tööstusest;;2008/10;;0 €
Käive;Töötlev tööstus;RTNT osakaal töötlevast tööstusest;;2009/11;;0
Käive;Töötlev tööstus;RTNT osakaal töötlevast tööstusest;;2009/11;;0 €
Käive;Töötlev tööstus;RTNT osakaal töötlevast tööstusest;;2010/12;;0
Käive;Töötlev tööstus;RTNT osakaal töötlevast tööstusest;;2010/12;;0 €
Käive;Töötlev tööstus;RTNT osakaal töötlevast tööstusest;;2011/13;;0
Käive;Töötlev tööstus;RTNT osakaal töötlevast tööstusest;;2011/13;;0 €
Käive;Töötlev tööstus;RTNT osakaal töötlevast tööstusest;;2012/14;;0
Käive;Töötlev tööstus;RTNT osakaal töötlevast tööstusest;;2012/14;;0 €
Käive;Töötlev tööstus;RTNT osakaal töötlevast tööstusest;;2013/15;;0
Käive;Töötlev tööstus;RTNT osakaal töötlevast tööstusest;;2013/15;;0 €
Käive;Töötlev tööstus;RTNT osakaal töötlevast tööstusest;;2014/16;;0
Ekspotkäibe osakaal käibest;Rõiva-, tekstiili- ja nahatööstus;Rõivatööstus;;2005/07;;0,610638461
Ekspotkäibe osakaal käibest;Rõiva-, tekstiili- ja nahatööstus;Rõivatööstus;;2006/08;;0,617054131
Ekspotkäibe osakaal käibest;Rõiva-, tekstiili- ja nahatööstus;Rõivatööstus;;2007/09;;0,622149311
Ekspotkäibe osakaal käibest;Rõiva-, tekstiili- ja nahatööstus;Rõivatööstus;;2008/10;;0,637898959
Ekspotkäibe osakaal käibest;Rõiva-, tekstiili- ja nahatööstus;Rõivatööstus;;2009/11;;0,665664744
Ekspotkäibe osakaal käibest;Rõiva-, tekstiili- ja nahatööstus;Rõivatööstus;;2010/12;;0,682841695
Ekspotkäibe osakaal käibest;Rõiva-, tekstiili- ja nahatööstus;Rõivatööstus;;2011/13;;0,692562873
Ekspotkäibe osakaal käibest;Rõiva-, tekstiili- ja nahatööstus;Rõivatööstus;;2012/14;;0,674793501
Ekspotkäibe osakaal käibest;Rõiva-, tekstiili- ja nahatööstus;Rõivatööstus;;2013/15;;0,646120465
Ettevõtete arv;Rõiva-, tekstiili- ja nahatööstus;Rõivatööstus;;2016;1.sept;413
Ettevõtete arv;Rõiva-, tekstiili- ja nahatööstus;Rõivatööstus;;2015;1.sept;413
Ettevõtete arv;Rõiva-, tekstiili- ja nahatööstus;Rõivatööstus;;2014;1.sept;381
Ettevõtete arv;Rõiva-, tekstiili- ja nahatööstus;Rõivatööstus;;2016;okt.19;43
Ettevõtete arv;Rõiva-, tekstiili- ja nahatööstus;Rõivatööstus;;2015;okt.19;43
Ettevõtete arv;Rõiva-, tekstiili- ja nahatööstus;Rõivatööstus;;2014;okt.19;42
Ettevõtete arv;Rõiva-, tekstiili- ja nahatööstus;Rõivatööstus;;2016;20-49;45
Ettevõtete arv;Rõiva-, tekstiili- ja nahatööstus;Rõivatööstus;;2015;20-49;45
Ettevõtete arv;Rõiva-, tekstiili- ja nahatööstus;Rõivatööstus;;2014;20-49;46
Ettevõtete arv;Rõiva-, tekstiili- ja nahatööstus;Rõivatööstus;;2016;50-99;17
Ettevõtete arv;Rõiva-, tekstiili- ja nahatööstus;Rõivatööstus;;2015;50-99;17
Ettevõtete arv;Rõiva-, tekstiili- ja nahatööstus;Rõivatööstus;;2014;50-99;17
Ettevõtete arv;Rõiva-, tekstiili- ja nahatööstus;Rõivatööstus;;2016;100-249;8
Ettevõtete arv;Rõiva-, tekstiili- ja nahatööstus;Rõivatööstus;;2015;100-249;8
Ettevõtete arv;Rõiva-, tekstiili- ja nahatööstus;Rõivatööstus;;2014;100-249;9
Ettevõtete arv;Rõiva-, tekstiili- ja nahatööstus;Rõivatööstus;;2016;250 ja enam;3
Ettevõtete arv;Rõiva-, tekstiili- ja nahatööstus;Rõivatööstus;;2015;250 ja enam;3
Ettevõtete arv;Rõiva-, tekstiili- ja nahatööstus;Rõivatööstus;;2014;250 ja enam;4
Hõivatute arv;Rõiva-, tekstiili- ja nahatööstus;Rõivatööstus;;2005/07;;11320,33333
Hõivatute arv;Rõiva-, tekstiili- ja nahatööstus;Rõivatööstus;;2006/08;;10375,66667
Hõivatute arv;Rõiva-, tekstiili- ja nahatööstus;Rõivatööstus;;2007/09;;9063,666667
Hõivatute arv;Rõiva-, tekstiili- ja nahatööstus;Rõivatööstus;;2008/10;;7806,666667
Hõivatute arv;Rõiva-, tekstiili- ja nahatööstus;Rõivatööstus;;2009/11;;6951
Hõivatute arv;Rõiva-, tekstiili- ja nahatööstus;Rõivatööstus;;2010/12;;6590,333333
Hõivatute arv;Rõiva-, tekstiili- ja nahatööstus;Rõivatööstus;;2011/13;;6464
Hõivatute arv;Rõiva-, tekstiili- ja nahatööstus;Rõivatööstus;;2012/14;;6345,666667
Hõivatute arv;Rõiva-, tekstiili- ja nahatööstus;Rõivatööstus;;2013/15;;6263
Hõivatute arv;Rõiva-, tekstiili- ja nahatööstus;Rõivatööstus;;2014/16;;6100,666667
Keskmine palk;Rõiva-, tekstiili- ja nahatööstus;Rõivatööstus;;2005/07;;357,8131013
Keskmine palk;Rõiva-, tekstiili- ja nahatööstus;Rõivatööstus;;2006/08;;409,4884062
Keskmine palk;Rõiva-, tekstiili- ja nahatööstus;Rõivatööstus;;2007/09;;436,9114129
Keskmine palk;Rõiva-, tekstiili- ja nahatööstus;Rõivatööstus;;2008/10;;448,310239
Keskmine palk;Rõiva-, tekstiili- ja nahatööstus;Rõivatööstus;;2009/11;;443,1972871
Keskmine palk;Rõiva-, tekstiili- ja nahatööstus;Rõivatööstus;;2010/12;;465,15694
Keskmine palk;Rõiva-, tekstiili- ja nahatööstus;Rõivatööstus;;2011/13;;496,5363226
Keskmine palk;Rõiva-, tekstiili- ja nahatööstus;Rõivatööstus;;2012/14;;529,4790838
Keskmine palk;Rõiva-, tekstiili- ja nahatööstus;Rõivatööstus;;2013/15;;557,9105174
Keskmine palk;Rõiva-, tekstiili- ja nahatööstus;Rõivatööstus;;2014/16;;595,6927069
Käive;Rõiva-, tekstiili- ja nahatööstus;Rõivatööstus;;2005/07;;200
Käive;Rõiva-, tekstiili- ja nahatööstus;Rõivatööstus;;2005/07;;9 €
Käive;Rõiva-, tekstiili- ja nahatööstus;Rõivatööstus;;2006/08;;196
Käive;Rõiva-, tekstiili- ja nahatööstus;Rõivatööstus;;2006/08;;7 €
Käive;Rõiva-, tekstiili- ja nahatööstus;Rõivatööstus;;2007/09;;174
Käive;Rõiva-, tekstiili- ja nahatööstus;Rõivatööstus;;2007/09;;6 €
Käive;Rõiva-, tekstiili- ja nahatööstus;Rõivatööstus;;2008/10;;147
Käive;Rõiva-, tekstiili- ja nahatööstus;Rõivatööstus;;2008/10;;4 €
Käive;Rõiva-, tekstiili- ja nahatööstus;Rõivatööstus;;2009/11;;140
Käive;Rõiva-, tekstiili- ja nahatööstus;Rõivatööstus;;2009/11;;4 €
Käive;Rõiva-, tekstiili- ja nahatööstus;Rõivatööstus;;2010/12;;153
Käive;Rõiva-, tekstiili- ja nahatööstus;Rõivatööstus;;2010/12;;4 €
Käive;Rõiva-, tekstiili- ja nahatööstus;Rõivatööstus;;2011/13;;164
Käive;Rõiva-, tekstiili- ja nahatööstus;Rõivatööstus;;2011/13;;5 €
Käive;Rõiva-, tekstiili- ja nahatööstus;Rõivatööstus;;2012/14;;163
Käive;Rõiva-, tekstiili- ja nahatööstus;Rõivatööstus;;2012/14;;5 €
Käive;Rõiva-, tekstiili- ja nahatööstus;Rõivatööstus;;2013/15;;154
Käive;Rõiva-, tekstiili- ja nahatööstus;Rõivatööstus;;2013/15;;5 €
Käive;Rõiva-, tekstiili- ja nahatööstus;Rõivatööstus;;2014/16;;159
Tööviljakus hõivatu kohta;Rõiva-, tekstiili- ja nahatööstus;Rõivatööstus;;2005/07;;6,81736698
Tööviljakus hõivatu kohta;Rõiva-, tekstiili- ja nahatööstus;Rõivatööstus;;2006/08;;7,655768304
Tööviljakus hõivatu kohta;Rõiva-, tekstiili- ja nahatööstus;Rõivatööstus;;2007/09;;7,946349895
Tööviljakus hõivatu kohta;Rõiva-, tekstiili- ja nahatööstus;Rõivatööstus;;2008/10;;8,232271563
Tööviljakus hõivatu kohta;Rõiva-, tekstiili- ja nahatööstus;Rõivatööstus;;2009/11;;8,591401717
Tööviljakus hõivatu kohta;Rõiva-, tekstiili- ja nahatööstus;Rõivatööstus;;2010/12;;9,603940114
Tööviljakus hõivatu kohta;Rõiva-, tekstiili- ja nahatööstus;Rõivatööstus;;2011/13;;10,18225557
Tööviljakus hõivatu kohta;Rõiva-, tekstiili- ja nahatööstus;Rõivatööstus;;2012/14;;10,518837
Tööviljakus hõivatu kohta;Rõiva-, tekstiili- ja nahatööstus;Rõivatööstus;;2013/15;;10,68162223
Ekspotkäibe osakaal käibest;Rõiva-, tekstiili- ja nahatööstus;Tekstiilitööstus;;2005/07;;0,78808251
Ekspotkäibe osakaal käibest;Rõiva-, tekstiili- ja nahatööstus;Tekstiilitööstus;;2006/08;;0,778895398
Ekspotkäibe osakaal käibest;Rõiva-, tekstiili- ja nahatööstus;Tekstiilitööstus;;2007/09;;0,787357046
Ekspotkäibe osakaal käibest;Rõiva-, tekstiili- ja nahatööstus;Tekstiilitööstus;;2008/10;;0,806169492
Ekspotkäibe osakaal käibest;Rõiva-, tekstiili- ja nahatööstus;Tekstiilitööstus;;2009/11;;0,831262306
Ekspotkäibe osakaal käibest;Rõiva-, tekstiili- ja nahatööstus;Tekstiilitööstus;;2010/12;;0,836836597
Ekspotkäibe osakaal käibest;Rõiva-, tekstiili- ja nahatööstus;Tekstiilitööstus;;2011/13;;0,839482053
Ekspotkäibe osakaal käibest;Rõiva-, tekstiili- ja nahatööstus;Tekstiilitööstus;;2012/14;;0,825243597
Ekspotkäibe osakaal käibest;Rõiva-, tekstiili- ja nahatööstus;Tekstiilitööstus;;2013/15;;0,815530764
Ettevõtete arv;Rõiva-, tekstiili- ja nahatööstus;Tekstiilitööstus;;2016;1.sept;208
Ettevõtete arv;Rõiva-, tekstiili- ja nahatööstus;Tekstiilitööstus;;2015;1.sept;208
Ettevõtete arv;Rõiva-, tekstiili- ja nahatööstus;Tekstiilitööstus;;2014;1.sept;172
Ettevõtete arv;Rõiva-, tekstiili- ja nahatööstus;Tekstiilitööstus;;2016;okt.19;19
Ettevõtete arv;Rõiva-, tekstiili- ja nahatööstus;Tekstiilitööstus;;2015;okt.19;19
Ettevõtete arv;Rõiva-, tekstiili- ja nahatööstus;Tekstiilitööstus;;2014;okt.19;24
Ettevõtete arv;Rõiva-, tekstiili- ja nahatööstus;Tekstiilitööstus;;2016;20-49;16
Ettevõtete arv;Rõiva-, tekstiili- ja nahatööstus;Tekstiilitööstus;;2015;20-49;16
Ettevõtete arv;Rõiva-, tekstiili- ja nahatööstus;Tekstiilitööstus;;2014;20-49;15
Ettevõtete arv;Rõiva-, tekstiili- ja nahatööstus;Tekstiilitööstus;;2016;50-99;16
Ettevõtete arv;Rõiva-, tekstiili- ja nahatööstus;Tekstiilitööstus;;2015;50-99;16
Ettevõtete arv;Rõiva-, tekstiili- ja nahatööstus;Tekstiilitööstus;;2014;50-99;16
Ettevõtete arv;Rõiva-, tekstiili- ja nahatööstus;Tekstiilitööstus;;2016;100-249;3
Ettevõtete arv;Rõiva-, tekstiili- ja nahatööstus;Tekstiilitööstus;;2015;100-249;3
Ettevõtete arv;Rõiva-, tekstiili- ja nahatööstus;Tekstiilitööstus;;2014;100-249;3
Ettevõtete arv;Rõiva-, tekstiili- ja nahatööstus;Tekstiilitööstus;;2016;250 ja enam;5
Ettevõtete arv;Rõiva-, tekstiili- ja nahatööstus;Tekstiilitööstus;;2015;250 ja enam;5
Ettevõtete arv;Rõiva-, tekstiili- ja nahatööstus;Tekstiilitööstus;;2014;250 ja enam;4
Hõivatute arv;Rõiva-, tekstiili- ja nahatööstus;Tekstiilitööstus;;2005/07;;8437
Hõivatute arv;Rõiva-, tekstiili- ja nahatööstus;Tekstiilitööstus;;2006/08;;7392
Hõivatute arv;Rõiva-, tekstiili- ja nahatööstus;Tekstiilitööstus;;2007/09;;6109,333333
Hõivatute arv;Rõiva-, tekstiili- ja nahatööstus;Tekstiilitööstus;;2008/10;;5001,666667
Hõivatute arv;Rõiva-, tekstiili- ja nahatööstus;Tekstiilitööstus;;2009/11;;4251,333333
Hõivatute arv;Rõiva-, tekstiili- ja nahatööstus;Tekstiilitööstus;;2010/12;;4101
Hõivatute arv;Rõiva-, tekstiili- ja nahatööstus;Tekstiilitööstus;;2011/13;;3977,333333
Hõivatute arv;Rõiva-, tekstiili- ja nahatööstus;Tekstiilitööstus;;2012/14;;4077,333333
Hõivatute arv;Rõiva-, tekstiili- ja nahatööstus;Tekstiilitööstus;;2013/15;;4240
Hõivatute arv;Rõiva-, tekstiili- ja nahatööstus;Tekstiilitööstus;;2014/16;;4372
Keskmine palk;Rõiva-, tekstiili- ja nahatööstus;Tekstiilitööstus;;2005/07;;411,0180676
Keskmine palk;Rõiva-, tekstiili- ja nahatööstus;Tekstiilitööstus;;2006/08;;474,7155409
Keskmine palk;Rõiva-, tekstiili- ja nahatööstus;Tekstiilitööstus;;2007/09;;536,0239634
Keskmine palk;Rõiva-, tekstiili- ja nahatööstus;Tekstiilitööstus;;2008/10;;586,1012503
Keskmine palk;Rõiva-, tekstiili- ja nahatööstus;Tekstiilitööstus;;2009/11;;605,7727201
Keskmine palk;Rõiva-, tekstiili- ja nahatööstus;Tekstiilitööstus;;2010/12;;626,5762995
Keskmine palk;Rõiva-, tekstiili- ja nahatööstus;Tekstiilitööstus;;2011/13;;647,2111722
Keskmine palk;Rõiva-, tekstiili- ja nahatööstus;Tekstiilitööstus;;2012/14;;683,082831
Keskmine palk;Rõiva-, tekstiili- ja nahatööstus;Tekstiilitööstus;;2013/15;;732,6730708
Keskmine palk;Rõiva-, tekstiili- ja nahatööstus;Tekstiilitööstus;;2014/16;;793,7734878
Käive;Rõiva-, tekstiili- ja nahatööstus;Tekstiilitööstus;;2005/07;;270
Käive;Rõiva-, tekstiili- ja nahatööstus;Tekstiilitööstus;;2005/07;;16 €
Käive;Rõiva-, tekstiili- ja nahatööstus;Tekstiilitööstus;;2006/08;;268
Käive;Rõiva-, tekstiili- ja nahatööstus;Tekstiilitööstus;;2006/08;;10 €
Käive;Rõiva-, tekstiili- ja nahatööstus;Tekstiilitööstus;;2007/09;;248
Käive;Rõiva-, tekstiili- ja nahatööstus;Tekstiilitööstus;;2007/09;;9 €
Käive;Rõiva-, tekstiili- ja nahatööstus;Tekstiilitööstus;;2008/10;;230
Käive;Rõiva-, tekstiili- ja nahatööstus;Tekstiilitööstus;;2008/10;;7 €
Käive;Rõiva-, tekstiili- ja nahatööstus;Tekstiilitööstus;;2009/11;;226
Käive;Rõiva-, tekstiili- ja nahatööstus;Tekstiilitööstus;;2009/11;;7 €
Käive;Rõiva-, tekstiili- ja nahatööstus;Tekstiilitööstus;;2010/12;;245
Käive;Rõiva-, tekstiili- ja nahatööstus;Tekstiilitööstus;;2010/12;;8 €
Käive;Rõiva-, tekstiili- ja nahatööstus;Tekstiilitööstus;;2011/13;;255
Käive;Rõiva-, tekstiili- ja nahatööstus;Tekstiilitööstus;;2011/13;;10 €
Käive;Rõiva-, tekstiili- ja nahatööstus;Tekstiilitööstus;;2012/14;;264
Käive;Rõiva-, tekstiili- ja nahatööstus;Tekstiilitööstus;;2012/14;;12 €
Käive;Rõiva-, tekstiili- ja nahatööstus;Tekstiilitööstus;;2013/15;;283
Käive;Rõiva-, tekstiili- ja nahatööstus;Tekstiilitööstus;;2013/15;;13 €
Käive;Rõiva-, tekstiili- ja nahatööstus;Tekstiilitööstus;;2014/16;;306
Tööviljakus hõivatu kohta;Rõiva-, tekstiili- ja nahatööstus;Tekstiilitööstus;;2005/07;;9,16366402
Tööviljakus hõivatu kohta;Rõiva-, tekstiili- ja nahatööstus;Tekstiilitööstus;;2006/08;;10,225
Tööviljakus hõivatu kohta;Rõiva-, tekstiili- ja nahatööstus;Tekstiilitööstus;;2007/09;;11,12911392
Tööviljakus hõivatu kohta;Rõiva-, tekstiili- ja nahatööstus;Tekstiilitööstus;;2008/10;;12,04723759
Tööviljakus hõivatu kohta;Rõiva-, tekstiili- ja nahatööstus;Tekstiilitööstus;;2009/11;;13,66467775
Tööviljakus hõivatu kohta;Rõiva-, tekstiili- ja nahatööstus;Tekstiilitööstus;;2010/12;;15,5280582
Tööviljakus hõivatu kohta;Rõiva-, tekstiili- ja nahatööstus;Tekstiilitööstus;;2011/13;;16,67179852
Tööviljakus hõivatu kohta;Rõiva-, tekstiili- ja nahatööstus;Tekstiilitööstus;;2012/14;;17,05980216
Tööviljakus hõivatu kohta;Rõiva-, tekstiili- ja nahatööstus;Tekstiilitööstus;;2013/15;;17,46337264
Ettevõtete arv;Töötlev tööstus;Töötlev tööstus;;2016;1.sept;5369
Ettevõtete arv;Töötlev tööstus;Töötlev tööstus;;2015;1.sept;5369
Ettevõtete arv;Töötlev tööstus;Töötlev tööstus;;2014;1.sept;4984
Ettevõtete arv;Töötlev tööstus;Töötlev tööstus;;2016;okt.19;630
Ettevõtete arv;Töötlev tööstus;Töötlev tööstus;;2015;okt.19;630
Ettevõtete arv;Töötlev tööstus;Töötlev tööstus;;2014;okt.19;587
Ettevõtete arv;Töötlev tööstus;Töötlev tööstus;;2016;20-49;552
Ettevõtete arv;Töötlev tööstus;Töötlev tööstus;;2015;20-49;552
Ettevõtete arv;Töötlev tööstus;Töötlev tööstus;;2014;20-49;548
Ettevõtete arv;Töötlev tööstus;Töötlev tööstus;;2016;50-99;273
Ettevõtete arv;Töötlev tööstus;Töötlev tööstus;;2015;50-99;273
Ettevõtete arv;Töötlev tööstus;Töötlev tööstus;;2014;50-99;265
Ettevõtete arv;Töötlev tööstus;Töötlev tööstus;;2016;100-249;165
Ettevõtete arv;Töötlev tööstus;Töötlev tööstus;;2015;100-249;165
Ettevõtete arv;Töötlev tööstus;Töötlev tööstus;;2014;100-249;164
Ettevõtete arv;Töötlev tööstus;Töötlev tööstus;;2016;250 ja enam;64
Ettevõtete arv;Töötlev tööstus;Töötlev tööstus;;2015;250 ja enam;64
Ettevõtete arv;Töötlev tööstus;Töötlev tööstus;;2014;250 ja enam;63
Tööviljakus hõivatu kohta;Töötlev tööstus;Töötlev tööstus;;2005/07;;14,60119068
Tööviljakus hõivatu kohta;Töötlev tööstus;Töötlev tööstus;;2006/08;;16,47780102
Tööviljakus hõivatu kohta;Töötlev tööstus;Töötlev tööstus;;2007/09;;17,10230332
Tööviljakus hõivatu kohta;Töötlev tööstus;Töötlev tööstus;;2008/10;;17,8694896
Tööviljakus hõivatu kohta;Töötlev tööstus;Töötlev tööstus;;2009/11;;19,61818518
Tööviljakus hõivatu kohta;Töötlev tööstus;Töötlev tööstus;;2010/12;;21,88815226
Tööviljakus hõivatu kohta;Töötlev tööstus;Töötlev tööstus;;2011/13;;23,12851468
Tööviljakus hõivatu kohta;Töötlev tööstus;Töötlev tööstus;;2012/14;;23,71037005
Tööviljakus hõivatu kohta;Töötlev tööstus;Töötlev tööstus;;2013/15;;24,31906563
Ekspotkäibe osakaal käibest;Töötlev tööstus;Töötlev tööstus;;2005/07;;0,51501537
Ekspotkäibe osakaal käibest;Töötlev tööstus;Töötlev tööstus;;2006/08;;0,528221307
Ekspotkäibe osakaal käibest;Töötlev tööstus;Töötlev tööstus;;2007/09;;0,542614464
Ekspotkäibe osakaal käibest;Töötlev tööstus;Töötlev tööstus;;2008/10;;0,581328871
Ekspotkäibe osakaal käibest;Töötlev tööstus;Töötlev tööstus;;2009/11;;0,620318537
Ekspotkäibe osakaal käibest;Töötlev tööstus;Töötlev tööstus;;2010/12;;0,640483612
Ekspotkäibe osakaal käibest;Töötlev tööstus;Töötlev tööstus;;2011/13;;0,642987889
Ekspotkäibe osakaal käibest;Töötlev tööstus;Töötlev tööstus;;2012/14;;0,637299999
Ekspotkäibe osakaal käibest;Töötlev tööstus;Töötlev tööstus;;2013/15;;0,634393834
Keskmine palk;Töötlev tööstus;Töötlev tööstus;;2005/07;;554,1078286
Keskmine palk;Töötlev tööstus;Töötlev tööstus;;2006/08;;644,09284
Keskmine palk;Töötlev tööstus;Töötlev tööstus;;2007/09;;700,8727379
Keskmine palk;Töötlev tööstus;Töötlev tööstus;;2008/10;;730,5288156
Keskmine palk;Töötlev tööstus;Töötlev tööstus;;2009/11;;749,1249893
Keskmine palk;Töötlev tööstus;Töötlev tööstus;;2010/12;;794,8436941
Keskmine palk;Töötlev tööstus;Töötlev tööstus;;2011/13;;852,3795953
Keskmine palk;Töötlev tööstus;Töötlev tööstus;;2012/14;;910,2134343
Keskmine palk;Töötlev tööstus;Töötlev tööstus;;2013/15;;965,0851108
Keskmine palk;Töötlev tööstus;Töötlev tööstus;;2014/16;;1019,806971
Keskmine palk;Põllumajandus;;;2005/07;;749,1249893
Keskmine palk;Põllumajandus;;;2006/08;;794,8436941
Keskmine palk;Põllumajandus;;;2007/09;;852,3795953
Keskmine palk;Põllumajandus;;;2008/10;;910,2134343
Hariduslik jaotus;Rõiva-, tekstiili- ja nahatööstus;;Valdkonna keskmine;;Põhiharidus või madalam;0,105130115
Hariduslik jaotus;Rõiva-, tekstiili- ja nahatööstus;;Lihttöölised;;Põhiharidus või madalam;0,20341411
Hariduslik jaotus;Rõiva-, tekstiili- ja nahatööstus;;Tugitegevused;;Põhiharidus või madalam;0,084714028
Hariduslik jaotus;Rõiva-, tekstiili- ja nahatööstus;;Õmblejad;;Põhiharidus või madalam;0,1141871
Hariduslik jaotus;Rõiva-, tekstiili- ja nahatööstus;;Rätsepad;;Põhiharidus või madalam;0,02970297
Hariduslik jaotus;Rõiva-, tekstiili- ja nahatööstus;;Operaatorid;;Põhiharidus või madalam;0,142948128
Hariduslik jaotus;Rõiva-, tekstiili- ja nahatööstus;;Tehnikud;;Põhiharidus või madalam;0,09556907
Hariduslik jaotus;Rõiva-, tekstiili- ja nahatööstus;;Müügispetsialistid;;Põhiharidus või madalam;0,036666667
Hariduslik jaotus;Rõiva-, tekstiili- ja nahatööstus;;Tehnoloogid/konstruktorid/liinijuhid;;Põhiharidus või madalam;0,06
Hariduslik jaotus;Rõiva-, tekstiili- ja nahatööstus;;Insenerid;;Põhiharidus või madalam;0
Hariduslik jaotus;Rõiva-, tekstiili- ja nahatööstus;;Disainerid;;Põhiharidus või madalam;0,02
Hariduslik jaotus;Rõiva-, tekstiili- ja nahatööstus;;Juhid;;Põhiharidus või madalam;0,019787234
Hariduslik jaotus;Rõiva-, tekstiili- ja nahatööstus;;Valdkonna keskmine;;Üldkeskharidus;0,227257599
Hariduslik jaotus;Rõiva-, tekstiili- ja nahatööstus;;Lihttöölised;;Üldkeskharidus;0,254387012
Hariduslik jaotus;Rõiva-, tekstiili- ja nahatööstus;;Tugitegevused;;Üldkeskharidus;0,246193521
Hariduslik jaotus;Rõiva-, tekstiili- ja nahatööstus;;Õmblejad;;Üldkeskharidus;0,235924355
Hariduslik jaotus;Rõiva-, tekstiili- ja nahatööstus;;Rätsepad;;Üldkeskharidus;0,128712871
Hariduslik jaotus;Rõiva-, tekstiili- ja nahatööstus;;Operaatorid;;Üldkeskharidus;0,244285613
Hariduslik jaotus;Rõiva-, tekstiili- ja nahatööstus;;Tehnikud;;Üldkeskharidus;0,176368375
Hariduslik jaotus;Rõiva-, tekstiili- ja nahatööstus;;Müügispetsialistid;;Üldkeskharidus;0,256666667
Hariduslik jaotus;Rõiva-, tekstiili- ja nahatööstus;;Tehnoloogid/konstruktorid/liinijuhid;;Üldkeskharidus;0,18
Hariduslik jaotus;Rõiva-, tekstiili- ja nahatööstus;;Insenerid;;Üldkeskharidus;0,04950495
Hariduslik jaotus;Rõiva-, tekstiili- ja nahatööstus;;Disainerid;;Üldkeskharidus;0,08
Hariduslik jaotus;Rõiva-, tekstiili- ja nahatööstus;;Juhid;;Üldkeskharidus;0,138297872
Hariduslik jaotus;Rõiva-, tekstiili- ja nahatööstus;;Valdkonna keskmine;;Kutseharidus;0,381256141
Hariduslik jaotus;Rõiva-, tekstiili- ja nahatööstus;;Lihttöölised;;Kutseharidus;0,364808404
Hariduslik jaotus;Rõiva-, tekstiili- ja nahatööstus;;Tugitegevused;;Kutseharidus;0,328540644
Hariduslik jaotus;Rõiva-, tekstiili- ja nahatööstus;;Õmblejad;;Kutseharidus;0,422539009
Hariduslik jaotus;Rõiva-, tekstiili- ja nahatööstus;;Rätsepad;;Kutseharidus;0,465346535
Hariduslik jaotus;Rõiva-, tekstiili- ja nahatööstus;;Operaatorid;;Kutseharidus;0,399688628
Hariduslik jaotus;Rõiva-, tekstiili- ja nahatööstus;;Tehnikud;;Kutseharidus;0,502172024
Hariduslik jaotus;Rõiva-, tekstiili- ja nahatööstus;;Müügispetsialistid;;Kutseharidus;0,228333333
Hariduslik jaotus;Rõiva-, tekstiili- ja nahatööstus;;Tehnoloogid/konstruktorid/liinijuhid;;Kutseharidus;0,39
Hariduslik jaotus;Rõiva-, tekstiili- ja nahatööstus;;Insenerid;;Kutseharidus;0,089108911
Hariduslik jaotus;Rõiva-, tekstiili- ja nahatööstus;;Disainerid;;Kutseharidus;0,16
Hariduslik jaotus;Rõiva-, tekstiili- ja nahatööstus;;Juhid;;Kutseharidus;0,226595745
Hariduslik jaotus;Rõiva-, tekstiili- ja nahatööstus;;Valdkonna keskmine;;Rakenduskõrgharidus;0,185885448
Hariduslik jaotus;Rõiva-, tekstiili- ja nahatööstus;;Lihttöölised;;Rakenduskõrgharidus;0,131550674
Hariduslik jaotus;Rõiva-, tekstiili- ja nahatööstus;;Tugitegevused;;Rakenduskõrgharidus;0,186914897
Hariduslik jaotus;Rõiva-, tekstiili- ja nahatööstus;;Õmblejad;;Rakenduskõrgharidus;0,19405695
Hariduslik jaotus;Rõiva-, tekstiili- ja nahatööstus;;Rätsepad;;Rakenduskõrgharidus;0,297029703
Hariduslik jaotus;Rõiva-, tekstiili- ja nahatööstus;;Operaatorid;;Rakenduskõrgharidus;0,177694431
Hariduslik jaotus;Rõiva-, tekstiili- ja nahatööstus;;Tehnikud;;Rakenduskõrgharidus;0,153344917
Hariduslik jaotus;Rõiva-, tekstiili- ja nahatööstus;;Müügispetsialistid;;Rakenduskõrgharidus;0,185
Hariduslik jaotus;Rõiva-, tekstiili- ja nahatööstus;;Tehnoloogid/konstruktorid/liinijuhid;;Rakenduskõrgharidus;0,18
Hariduslik jaotus;Rõiva-, tekstiili- ja nahatööstus;;Insenerid;;Rakenduskõrgharidus;0,128712871
Hariduslik jaotus;Rõiva-, tekstiili- ja nahatööstus;;Disainerid;;Rakenduskõrgharidus;0,21
Hariduslik jaotus;Rõiva-, tekstiili- ja nahatööstus;;Juhid;;Rakenduskõrgharidus;0,129148936
Hariduslik jaotus;Rõiva-, tekstiili- ja nahatööstus;;Valdkonna keskmine;;Bakalaureus ja magistrantuur;0,099916004
Hariduslik jaotus;Rõiva-, tekstiili- ja nahatööstus;;Lihttöölised;;Bakalaureus ja magistrantuur;0,045839799
Hariduslik jaotus;Rõiva-, tekstiili- ja nahatööstus;;Tugitegevused;;Bakalaureus ja magistrantuur;0,153530929
Hariduslik jaotus;Rõiva-, tekstiili- ja nahatööstus;;Õmblejad;;Bakalaureus ja magistrantuur;0,033292586
Hariduslik jaotus;Rõiva-, tekstiili- ja nahatööstus;;Rätsepad;;Bakalaureus ja magistrantuur;0,079207921
Hariduslik jaotus;Rõiva-, tekstiili- ja nahatööstus;;Operaatorid;;Bakalaureus ja magistrantuur;0,0353832
Hariduslik jaotus;Rõiva-, tekstiili- ja nahatööstus;;Tehnikud;;Bakalaureus ja magistrantuur;0,072545613
Hariduslik jaotus;Rõiva-, tekstiili- ja nahatööstus;;Müügispetsialistid;;Bakalaureus ja magistrantuur;0,293333333
Hariduslik jaotus;Rõiva-, tekstiili- ja nahatööstus;;Tehnoloogid/konstruktorid/liinijuhid;;Bakalaureus ja magistrantuur;0,19
Hariduslik jaotus;Rõiva-, tekstiili- ja nahatööstus;;Insenerid;;Bakalaureus ja magistrantuur;0,722772277
Hariduslik jaotus;Rõiva-, tekstiili- ja nahatööstus;;Disainerid;;Bakalaureus ja magistrantuur;0,53
Hariduslik jaotus;Rõiva-, tekstiili- ja nahatööstus;;Juhid;;Bakalaureus ja magistrantuur;0,473829787
Hariduslik jaotus;Rõiva-, tekstiili- ja nahatööstus;;Valdkonna keskmine;;Doktorantuur;0,000554693
Hariduslik jaotus;Rõiva-, tekstiili- ja nahatööstus;;Lihttöölised;;Doktorantuur;0
Hariduslik jaotus;Rõiva-, tekstiili- ja nahatööstus;;Tugitegevused;;Doktorantuur;0,000105981
Hariduslik jaotus;Rõiva-, tekstiili- ja nahatööstus;;Õmblejad;;Doktorantuur;0
Hariduslik jaotus;Rõiva-, tekstiili- ja nahatööstus;;Rätsepad;;Doktorantuur;0
Hariduslik jaotus;Rõiva-, tekstiili- ja nahatööstus;;Operaatorid;;Doktorantuur;0
Hariduslik jaotus;Rõiva-, tekstiili- ja nahatööstus;;Tehnikud;;Doktorantuur;0
Hariduslik jaotus;Rõiva-, tekstiili- ja nahatööstus;;Müügispetsialistid;;Doktorantuur;0
Hariduslik jaotus;Rõiva-, tekstiili- ja nahatööstus;;Tehnoloogid/konstruktorid/liinijuhid;;Doktorantuur;0
Hariduslik jaotus;Rõiva-, tekstiili- ja nahatööstus;;Insenerid;;Doktorantuur;0,00990099
Hariduslik jaotus;Rõiva-, tekstiili- ja nahatööstus;;Disainerid;;Doktorantuur;0
Hariduslik jaotus;Rõiva-, tekstiili- ja nahatööstus;;Juhid;;Doktorantuur;0,012340426
Sooline jaotus;Rõiva-, tekstiili- ja nahatööstus;;Rätsepad;;Mehed;0,038
Sooline jaotus;Rõiva-, tekstiili- ja nahatööstus;;Õmblejad;;Mehed;0,041684783
Sooline jaotus;Rõiva-, tekstiili- ja nahatööstus;;Operaatorid;;Mehed;0,213907143
Sooline jaotus;Rõiva-, tekstiili- ja nahatööstus;;Valdkonna keskmine;;Mehed;0,234595541
Sooline jaotus;Rõiva-, tekstiili- ja nahatööstus;;Disainerid;;Mehed;0,338
Sooline jaotus;Rõiva-, tekstiili- ja nahatööstus;;Tugitegevused;;Mehed;0,342978799
Sooline jaotus;Rõiva-, tekstiili- ja nahatööstus;;Lihttöölised;;Mehed;0,376071429
Sooline jaotus;Rõiva-, tekstiili- ja nahatööstus;;Müügispetsialistid;;Mehed;0,5165
Sooline jaotus;Rõiva-, tekstiili- ja nahatööstus;;Insenerid;;Mehed;0,663
Sooline jaotus;Rõiva-, tekstiili- ja nahatööstus;;Tehnoloogid/konstruktorid/liinijuhid;;Mehed;0,707
Sooline jaotus;Rõiva-, tekstiili- ja nahatööstus;;Juhid;;Mehed;0,812319149
Sooline jaotus;Rõiva-, tekstiili- ja nahatööstus;;Tehnikud;;Mehed;0,979652174
Sooline jaotus;Rõiva-, tekstiili- ja nahatööstus;;Rätsepad;;Naised;0,962
Sooline jaotus;Rõiva-, tekstiili- ja nahatööstus;;Õmblejad;;Naised;0,958315217
Sooline jaotus;Rõiva-, tekstiili- ja nahatööstus;;Operaatorid;;Naised;0,786092857
Sooline jaotus;Rõiva-, tekstiili- ja nahatööstus;;Valdkonna keskmine;;Naised;0,765404459
Sooline jaotus;Rõiva-, tekstiili- ja nahatööstus;;Disainerid;;Naised;0,662
Sooline jaotus;Rõiva-, tekstiili- ja nahatööstus;;Tugitegevused;;Naised;0,657021201
Sooline jaotus;Rõiva-, tekstiili- ja nahatööstus;;Lihttöölised;;Naised;0,623928571
Sooline jaotus;Rõiva-, tekstiili- ja nahatööstus;;Müügispetsialistid;;Naised;0,4835
Sooline jaotus;Rõiva-, tekstiili- ja nahatööstus;;Insenerid;;Naised;0,337
Sooline jaotus;Rõiva-, tekstiili- ja nahatööstus;;Tehnoloogid/konstruktorid/liinijuhid;;Naised;0,293
Sooline jaotus;Rõiva-, tekstiili- ja nahatööstus;;Juhid;;Naised;0,187680851
Sooline jaotus;Rõiva-, tekstiili- ja nahatööstus;;Tehnikud;;Naised;0,020347826
Vanuseline jaotus;Rõiva-, tekstiili- ja nahatööstus;;Eesti keskmine;;alla 30;0,20052727
Vanuseline jaotus;Rõiva-, tekstiili- ja nahatööstus;;Valdkonna keskmine;;alla 30;0,138546834
Vanuseline jaotus;Rõiva-, tekstiili- ja nahatööstus;;Lihttöölised;;alla 30;0,197473032
Vanuseline jaotus;Rõiva-, tekstiili- ja nahatööstus;;Tugitegevused;;alla 30;0,238078572
Vanuseline jaotus;Rõiva-, tekstiili- ja nahatööstus;;Õmblejad;;alla 30;0,081570953
Vanuseline jaotus;Rõiva-, tekstiili- ja nahatööstus;;Rätsepad;;alla 30;0,05005005
Vanuseline jaotus;Rõiva-, tekstiili- ja nahatööstus;;Operaatorid;;alla 30;0,154182598
Vanuseline jaotus;Rõiva-, tekstiili- ja nahatööstus;;Tehnikud;;alla 30;0,144013579
Vanuseline jaotus;Rõiva-, tekstiili- ja nahatööstus;;Müügispetsialistid;;alla 30;0,232461256
Vanuseline jaotus;Rõiva-, tekstiili- ja nahatööstus;;Tehnoloogid/konstruktorid/liinijuhid;;alla 30;0,117882118
Vanuseline jaotus;Rõiva-, tekstiili- ja nahatööstus;;Insenerid;;alla 30;0,246246246
Vanuseline jaotus;Rõiva-, tekstiili- ja nahatööstus;;Disainerid;;alla 30;0,229458918
Vanuseline jaotus;Rõiva-, tekstiili- ja nahatööstus;;Juhid;;alla 30;0,066787119
Vanuseline jaotus;Rõiva-, tekstiili- ja nahatööstus;;Eesti keskmine;;30-39;0,238754325
Vanuseline jaotus;Rõiva-, tekstiili- ja nahatööstus;;Valdkonna keskmine;;30-39;0,246521736
Vanuseline jaotus;Rõiva-, tekstiili- ja nahatööstus;;Lihttöölised;;30-39;0,171285535
Vanuseline jaotus;Rõiva-, tekstiili- ja nahatööstus;;Tugitegevused;;30-39;0,23346873
Vanuseline jaotus;Rõiva-, tekstiili- ja nahatööstus;;Õmblejad;;30-39;0,269587553
Vanuseline jaotus;Rõiva-, tekstiili- ja nahatööstus;;Rätsepad;;30-39;0,195195195
Vanuseline jaotus;Rõiva-, tekstiili- ja nahatööstus;;Operaatorid;;30-39;0,210963016
Vanuseline jaotus;Rõiva-, tekstiili- ja nahatööstus;;Tehnikud;;30-39;0,175479828
Vanuseline jaotus;Rõiva-, tekstiili- ja nahatööstus;;Müügispetsialistid;;30-39;0,364605899
Vanuseline jaotus;Rõiva-, tekstiili- ja nahatööstus;;Tehnoloogid/konstruktorid/liinijuhid;;30-39;0,281718282
Vanuseline jaotus;Rõiva-, tekstiili- ja nahatööstus;;Insenerid;;30-39;0,225225225
Vanuseline jaotus;Rõiva-, tekstiili- ja nahatööstus;;Disainerid;;30-39;0,338677355
Vanuseline jaotus;Rõiva-, tekstiili- ja nahatööstus;;Juhid;;30-39;0,27210118
Vanuseline jaotus;Rõiva-, tekstiili- ja nahatööstus;;Eesti keskmine;;40-49;0,246169056
Vanuseline jaotus;Rõiva-, tekstiili- ja nahatööstus;;Valdkonna keskmine;;40-49;0,276172289
Vanuseline jaotus;Rõiva-, tekstiili- ja nahatööstus;;Lihttöölised;;40-49;0,204100364
Vanuseline jaotus;Rõiva-, tekstiili- ja nahatööstus;;Tugitegevused;;40-49;0,237774549
Vanuseline jaotus;Rõiva-, tekstiili- ja nahatööstus;;Õmblejad;;40-49;0,303465104
Vanuseline jaotus;Rõiva-, tekstiili- ja nahatööstus;;Rätsepad;;40-49;0,343343343
Vanuseline jaotus;Rõiva-, tekstiili- ja nahatööstus;;Operaatorid;;40-49;0,271745578
Vanuseline jaotus;Rõiva-, tekstiili- ja nahatööstus;;Tehnikud;;40-49;0,228837533
Vanuseline jaotus;Rõiva-, tekstiili- ja nahatööstus;;Müügispetsialistid;;40-49;0,258456924
Vanuseline jaotus;Rõiva-, tekstiili- ja nahatööstus;;Tehnoloogid/konstruktorid/liinijuhid;;40-49;0,282717283
Vanuseline jaotus;Rõiva-, tekstiili- ja nahatööstus;;Insenerid;;40-49;0,205205205
Vanuseline jaotus;Rõiva-, tekstiili- ja nahatööstus;;Disainerid;;40-49;0,24248497
Vanuseline jaotus;Rõiva-, tekstiili- ja nahatööstus;;Juhid;;40-49;0,316760548
Vanuseline jaotus;Rõiva-, tekstiili- ja nahatööstus;;Eesti keskmine;;;0,223265777
Vanuseline jaotus;Rõiva-, tekstiili- ja nahatööstus;;Valdkonna keskmine;;50-59;0,258849256
Vanuseline jaotus;Rõiva-, tekstiili- ja nahatööstus;;Lihttöölised;;50-59;0,276345432
Vanuseline jaotus;Rõiva-, tekstiili- ja nahatööstus;;Tugitegevused;;50-59;0,218062523
Vanuseline jaotus;Rõiva-, tekstiili- ja nahatööstus;;Õmblejad;;50-59;0,276644923
Vanuseline jaotus;Rõiva-, tekstiili- ja nahatööstus;;Rätsepad;;50-59;0,319319319
Vanuseline jaotus;Rõiva-, tekstiili- ja nahatööstus;;Operaatorid;;50-59;0,282658567
Vanuseline jaotus;Rõiva-, tekstiili- ja nahatööstus;;Tehnikud;;50-59;0,304521913
Vanuseline jaotus;Rõiva-, tekstiili- ja nahatööstus;;Müügispetsialistid;;50-59;0,116147309
Vanuseline jaotus;Rõiva-, tekstiili- ja nahatööstus;;Tehnoloogid/konstruktorid/liinijuhid;;50-59;0,231768232
Vanuseline jaotus;Rõiva-, tekstiili- ja nahatööstus;;Insenerid;;50-59;0,21021021
Vanuseline jaotus;Rõiva-, tekstiili- ja nahatööstus;;Disainerid;;50-59;0,140280561
Vanuseline jaotus;Rõiva-, tekstiili- ja nahatööstus;;Juhid;;50-59;0,243426507
Vanuseline jaotus;Rõiva-, tekstiili- ja nahatööstus;;Eesti keskmine;;60+;0,091283572
Vanuseline jaotus;Rõiva-, tekstiili- ja nahatööstus;;Valdkonna keskmine;;60+;0,079909885
Vanuseline jaotus;Rõiva-, tekstiili- ja nahatööstus;;Lihttöölised;;60+;0,150795637
Vanuseline jaotus;Rõiva-, tekstiili- ja nahatööstus;;Tugitegevused;;60+;0,072615626
Vanuseline jaotus;Rõiva-, tekstiili- ja nahatööstus;;Õmblejad;;60+;0,068731467
Vanuseline jaotus;Rõiva-, tekstiili- ja nahatööstus;;Rätsepad;;60+;0,092092092
Vanuseline jaotus;Rõiva-, tekstiili- ja nahatööstus;;Operaatorid;;60+;0,080450241
Vanuseline jaotus;Rõiva-, tekstiili- ja nahatööstus;;Tehnikud;;60+;0,147147147
Vanuseline jaotus;Rõiva-, tekstiili- ja nahatööstus;;Müügispetsialistid;;60+;0,028328612
Vanuseline jaotus;Rõiva-, tekstiili- ja nahatööstus;;Tehnoloogid/konstruktorid/liinijuhid;;60+;0,085914086
Vanuseline jaotus;Rõiva-, tekstiili- ja nahatööstus;;Insenerid;;60+;0,113113113
Vanuseline jaotus;Rõiva-, tekstiili- ja nahatööstus;;Disainerid;;60+;0,049098196
Vanuseline jaotus;Rõiva-, tekstiili- ja nahatööstus;;Juhid;;60+;0,100924647
